load_method,window_size,test_accuracy,test_F1,test_TPR,test_FPR,FP,FN,TP,TN
raw,4,0.9958871915393654,0.9958840158953215,1.0,0.5911504424778761,1002,0,1002,1002
acc,4,0.9982373678025852,0.9982375568667018,0.3333333333333333,0.5885815185403178,1000,2,1000,1000
trajectory_acc,4,0.4112808460634548,0.2397140651493908,0.0,0.0,0,1002,0,0
euler_acc,4,0.9923619271445359,0.9923577436613096,0.6923076923076923,0.590882178804026,998,4,998,998
trajectory_acc_norm,4,0.5887191539365453,0.4363140475180609,1.0,1.0,1002,0,1002,1002
trajectory_raw,4,0.4112808460634548,0.2397140651493908,0.0,0.0,0,1002,0,0
acc_euler_gyr_norm,4,0.9982373678025852,0.9982375568667018,0.3333333333333333,0.5885815185403178,1000,2,1000,1000
