window_size,test_accuracy,test_F1,test_TPR,test_FPR
2.5,0.9263206672845227,0.9298286325641292,0.9978586723768736,0.09343583678296866
3,0.9197292069632496,0.9214663152457322,1.0,0.1204644412191582
4,0.9383078730904818,0.9387463307830377,0.9971428571428571,0.1027944111776447
5,0.9572118702553485,0.9572678547241732,0.9955357142857143,0.07593307593307594
6,0.9705882352941176,0.9706094988993433,0.9964476021314387,0.05263157894736842
7,0.9533116178067318,0.9531932968419161,0.9271356783919598,0.02676864244741874
8,0.8565629228687416,0.847929933977065,0.6319444444444444,0.0
