window_size,test_accuracy,test_F1,test_TPR,test_FPR
2.5,0.9814643188137164,0.9812696454749558,0.9293361884368309,0.004139562389118865
3,0.9912959381044487,0.991270007835803,0.9753623188405797,0.000725689404934688
4,0.9788484136310224,0.9787672473739739,0.9514285714285714,0.001996007984031936
5,0.8309178743961353,0.8235845149620287,0.6354166666666666,0.0
6,0.9747899159663865,0.9747598580397523,0.955595026642984,0.007974481658692184
7,0.9728555917480999,0.9727968637637924,0.9522613065326633,0.011472275334608031
8,0.9918809201623816,0.9918757567069946,0.9861111111111112,0.004434589800443459
