window_size,test_accuracy,test_F1,test_TPR,test_FPR
2.5,0.9768303985171455,0.9763648991758741,0.8950749464668094,0.0005913660555884093
3,0.9970986460348162,0.9971017609083374,1.0,0.0043541364296081275
4,0.9424206815511164,0.9416172961438367,0.8614285714285714,0.000998003992015968
5,0.9758454106280193,0.975792540170733,0.9494047619047619,0.001287001287001287
6,0.9882352941176471,0.9882330269873523,0.9840142095914742,0.007974481658692184
7,0.9858849077090119,0.985854369157172,0.9673366834170855,0.0
8,0.9945872801082544,0.9945838378046633,0.9895833333333334,0.0022172949002217295
